rank,security_id,name,market,close,change_pct,current_volume,median_volume_20d,volume_ratio,prior_20d_high,prior_40d_high,breakout_pct,historical_volatility,price_zscore,price_percentile,market_volume_percentile,liquidity_level,matched_rule_count,matched_rules,rule_severity,raw_metrics,why_selected,data_quality
1,TWSE:2905,三商,TWSE,18.1,5.847953216374258,4979451,1342576.5,3.708876924331686,17.35,17.35,4.3227665706051965,2.0004110087550786,2.6186955414108226,100.0,85.5885078776645,HIGH,6,"[""VOLUME_SPIKE"", ""RANGE_BREAKOUT_20D"", ""RANGE_BREAKOUT_40D"", ""PRICE_VOLUME_BREAKOUT"", ""QUIET_TO_VOLUME_SPIKE"", ""PRICE_ANOMALY""]","{""PRICE_ANOMALY"": {""price_zscore"": 2.6186955414108226, ""threshold_multiple"": 1.047478216564329}, ""PRICE_VOLUME_BREAKOUT"": {""breakout_pct"": 4.3227665706051965, ""volume_ratio"": 3.708876924331686}, ""QUIET_TO_VOLUME_SPIKE"": {""current_to_recent5_ratio"": 7.762320535004442, ""recent5_to_20d_ratio"": 0.47780517534755}, ""RANGE_BREAKOUT_20D"": {""breakout_pct"": 4.3227665706051965}, ""RANGE_BREAKOUT_40D"": {""breakout_pct"": 4.3227665706051965}, ""VOLUME_SPIKE"": {""threshold_multiple"": 1.854438462165843, ""volume_ratio"": 3.708876924331686}}","{""abs_price_zscore"": 2.6186955414108226, ""breakout_20d"": true, ""breakout_40d"": true, ""breakout_pct"": 4.3227665706051965, ""change_pct"": 5.847953216374258, ""close"": 18.1, ""current_to_recent5_volume_ratio"": 7.762320535004442, ""current_volume"": 4979451, ""historical_volatility"": 2.0004110087550786, ""intraday_breakout_20d"": true, ""intraday_breakout_40d"": true, ""liquidity_level"": ""HIGH"", ""market_volume_percentile"": 85.5885078776645, ""median_volume_20d"": 1342576.5, ""median_volume_recent5d"": 641490, ""price_percentile"": 100.0, ""price_zscore"": 2.6186955414108226, ""prior_20d_high"": 17.35, ""prior_40d_high"": 17.35, ""prior_sessions"": 49, ""recent5_to_20d_volume_ratio"": 0.47780517534755, ""volume_ratio"": 3.708876924331686}",此前5日中位量仅为20日中位量0.48倍，今日放大至近期5日中位量7.76倍；收盘确认突破此前20日及40日区间高点4.32%，形成量价共振；当日涨跌+5.85%，偏离自身近期正常波动2.62个标准差。,COMPLETE
2,TPEX:8284,三竹,TPEX,68.1,3.652968036529658,295597,17000.0,17.388058823529413,66.4,67.0,2.560240963855409,1.1107325515527358,3.0657177771302213,100.0,70.79493087557604,MEDIUM,5,"[""VOLUME_SPIKE"", ""RANGE_BREAKOUT_20D"", ""RANGE_BREAKOUT_40D"", ""PRICE_VOLUME_BREAKOUT"", ""PRICE_ANOMALY""]","{""PRICE_ANOMALY"": {""price_zscore"": 3.0657177771302213, ""threshold_multiple"": 1.2262871108520885}, ""PRICE_VOLUME_BREAKOUT"": {""breakout_pct"": 2.560240963855409, ""volume_ratio"": 17.388058823529413}, ""RANGE_BREAKOUT_20D"": {""breakout_pct"": 2.560240963855409}, ""RANGE_BREAKOUT_40D"": {""breakout_pct"": 1.6417910447761086}, ""VOLUME_SPIKE"": {""threshold_multiple"": 8.694029411764706, ""volume_ratio"": 17.388058823529413}}","{""abs_price_zscore"": 3.0657177771302213, ""breakout_20d"": true, ""breakout_40d"": true, ""breakout_pct"": 2.560240963855409, ""change_pct"": 3.652968036529658, ""close"": 68.1, ""current_to_recent5_volume_ratio"": 10.948037037037038, ""current_volume"": 295597, ""historical_volatility"": 1.1107325515527358, ""intraday_breakout_20d"": true, ""intraday_breakout_40d"": true, ""liquidity_level"": ""MEDIUM"", ""market_volume_percentile"": 70.79493087557604, ""median_volume_20d"": 17000.0, ""median_volume_recent5d"": 27000, ""price_percentile"": 100.0, ""price_zscore"": 3.0657177771302213, ""prior_20d_high"": 66.4, ""prior_40d_high"": 67.0, ""prior_sessions"": 49, ""recent5_to_20d_volume_ratio"": 1.588235294117647, ""volume_ratio"": 17.388058823529413}",今日成交量达到此前20日中位数17.39倍；收盘确认突破此前20日及40日区间高点2.56%，形成量价共振；当日涨跌+3.65%，偏离自身近期正常波动3.07个标准差。,COMPLETE
3,TWSE:2364,倫飛,TWSE,88.1,8.765432098765435,2044895,193043.0,10.59295079334656,82.3,82.3,7.047387606318334,2.127869683521904,3.66492778049364,100.0,74.46709916589435,MEDIUM,5,"[""VOLUME_SPIKE"", ""RANGE_BREAKOUT_20D"", ""RANGE_BREAKOUT_40D"", ""PRICE_VOLUME_BREAKOUT"", ""PRICE_ANOMALY""]","{""PRICE_ANOMALY"": {""price_zscore"": 3.66492778049364, ""threshold_multiple"": 1.465971112197456}, ""PRICE_VOLUME_BREAKOUT"": {""breakout_pct"": 7.047387606318334, ""volume_ratio"": 10.59295079334656}, ""RANGE_BREAKOUT_20D"": {""breakout_pct"": 7.047387606318334}, ""RANGE_BREAKOUT_40D"": {""breakout_pct"": 7.047387606318334}, ""VOLUME_SPIKE"": {""threshold_multiple"": 5.29647539667328, ""volume_ratio"": 10.59295079334656}}","{""abs_price_zscore"": 3.66492778049364, ""breakout_20d"": true, ""breakout_40d"": true, ""breakout_pct"": 7.047387606318334, ""change_pct"": 8.765432098765435, ""close"": 88.1, ""current_to_recent5_volume_ratio"": 2.814771633903979, ""current_volume"": 2044895, ""historical_volatility"": 2.127869683521904, ""intraday_breakout_20d"": true, ""intraday_breakout_40d"": true, ""liquidity_level"": ""MEDIUM"", ""market_volume_percentile"": 74.46709916589435, ""median_volume_20d"": 193043.0, ""median_volume_recent5d"": 726487, ""price_percentile"": 100.0, ""price_zscore"": 3.66492778049364, ""prior_20d_high"": 82.3, ""prior_40d_high"": 82.3, ""prior_sessions"": 49, ""recent5_to_20d_volume_ratio"": 3.763342882155789, ""volume_ratio"": 10.59295079334656}",今日成交量达到此前20日中位数10.59倍；收盘确认突破此前20日及40日区间高点7.05%，形成量价共振；当日涨跌+8.77%，偏离自身近期正常波动3.66个标准差。,COMPLETE
4,TPEX:3631,晟楠,TPEX,39.9,9.917355371900838,316030,33000.0,9.576666666666666,37.3,37.3,6.970509383378021,2.3218798657749264,4.008517201596471,100.0,71.71658986175115,MEDIUM,5,"[""VOLUME_SPIKE"", ""RANGE_BREAKOUT_20D"", ""RANGE_BREAKOUT_40D"", ""PRICE_VOLUME_BREAKOUT"", ""PRICE_ANOMALY""]","{""PRICE_ANOMALY"": {""price_zscore"": 4.008517201596471, ""threshold_multiple"": 1.6034068806385886}, ""PRICE_VOLUME_BREAKOUT"": {""breakout_pct"": 6.970509383378021, ""volume_ratio"": 9.576666666666666}, ""RANGE_BREAKOUT_20D"": {""breakout_pct"": 6.970509383378021}, ""RANGE_BREAKOUT_40D"": {""breakout_pct"": 6.970509383378021}, ""VOLUME_SPIKE"": {""threshold_multiple"": 4.788333333333333, ""volume_ratio"": 9.576666666666666}}","{""abs_price_zscore"": 4.008517201596471, ""breakout_20d"": true, ""breakout_40d"": true, ""breakout_pct"": 6.970509383378021, ""change_pct"": 9.917355371900838, ""close"": 39.9, ""current_to_recent5_volume_ratio"": 2.431, ""current_volume"": 316030, ""historical_volatility"": 2.3218798657749264, ""intraday_breakout_20d"": true, ""intraday_breakout_40d"": true, ""liquidity_level"": ""MEDIUM"", ""market_volume_percentile"": 71.71658986175115, ""median_volume_20d"": 33000.0, ""median_volume_recent5d"": 130000, ""price_percentile"": 100.0, ""price_zscore"": 4.008517201596471, ""prior_20d_high"": 37.3, ""prior_40d_high"": 37.3, ""prior_sessions"": 49, ""recent5_to_20d_volume_ratio"": 3.9393939393939394, ""volume_ratio"": 9.576666666666666}",今日成交量达到此前20日中位数9.58倍；收盘确认突破此前20日及40日区间高点6.97%，形成量价共振；当日涨跌+9.92%，偏离自身近期正常波动4.01个标准差。,COMPLETE
5,TPEX:4905,台聯電,TPEX,93.1,9.917355371900815,83199,11500.0,7.234695652173913,84.7,84.7,9.917355371900815,3.476656961924082,2.557140161350835,90.0,48.55990783410138,MEDIUM,5,"[""VOLUME_SPIKE"", ""RANGE_BREAKOUT_20D"", ""RANGE_BREAKOUT_40D"", ""PRICE_VOLUME_BREAKOUT"", ""PRICE_ANOMALY""]","{""PRICE_ANOMALY"": {""price_zscore"": 2.557140161350835, ""threshold_multiple"": 1.022856064540334}, ""PRICE_VOLUME_BREAKOUT"": {""breakout_pct"": 9.917355371900815, ""volume_ratio"": 7.234695652173913}, ""RANGE_BREAKOUT_20D"": {""breakout_pct"": 9.917355371900815}, ""RANGE_BREAKOUT_40D"": {""breakout_pct"": 9.917355371900815}, ""VOLUME_SPIKE"": {""threshold_multiple"": 3.6173478260869567, ""volume_ratio"": 7.234695652173913}}","{""abs_price_zscore"": 2.557140161350835, ""breakout_20d"": true, ""breakout_40d"": true, ""breakout_pct"": 9.917355371900815, ""change_pct"": 9.917355371900815, ""close"": 93.1, ""current_to_recent5_volume_ratio"": 2.447029411764706, ""current_volume"": 83199, ""historical_volatility"": 3.476656961924082, ""intraday_breakout_20d"": true, ""intraday_breakout_40d"": true, ""liquidity_level"": ""MEDIUM"", ""market_volume_percentile"": 48.55990783410138, ""median_volume_20d"": 11500.0, ""median_volume_recent5d"": 34000, ""price_percentile"": 90.0, ""price_zscore"": 2.557140161350835, ""prior_20d_high"": 84.7, ""prior_40d_high"": 84.7, ""prior_sessions"": 46, ""recent5_to_20d_volume_ratio"": 2.9565217391304346, ""volume_ratio"": 7.234695652173913}",今日成交量达到此前20日中位数7.23倍；收盘确认突破此前20日及40日区间高点9.92%，形成量价共振；当日涨跌+9.92%，偏离自身近期正常波动2.56个标准差。,COMPLETE
6,TWSE:1909,榮成,TWSE,11.45,8.018867924528305,18088541,2645378.5,6.837789374941998,10.85,11.15,5.5299539170506895,1.7352027014686495,4.5581890547367925,100.0,93.09545875810936,HIGH,5,"[""VOLUME_SPIKE"", ""RANGE_BREAKOUT_20D"", ""RANGE_BREAKOUT_40D"", ""PRICE_VOLUME_BREAKOUT"", ""PRICE_ANOMALY""]","{""PRICE_ANOMALY"": {""price_zscore"": 4.5581890547367925, ""threshold_multiple"": 1.823275621894717}, ""PRICE_VOLUME_BREAKOUT"": {""breakout_pct"": 5.5299539170506895, ""volume_ratio"": 6.837789374941998}, ""RANGE_BREAKOUT_20D"": {""breakout_pct"": 5.5299539170506895}, ""RANGE_BREAKOUT_40D"": {""breakout_pct"": 2.690582959641241}, ""VOLUME_SPIKE"": {""threshold_multiple"": 3.418894687470999, ""volume_ratio"": 6.837789374941998}}","{""abs_price_zscore"": 4.5581890547367925, ""breakout_20d"": true, ""breakout_40d"": true, ""breakout_pct"": 5.5299539170506895, ""change_pct"": 8.018867924528305, ""close"": 11.45, ""current_to_recent5_volume_ratio"": 4.563930585317693, ""current_volume"": 18088541, ""historical_volatility"": 1.7352027014686495, ""intraday_breakout_20d"": true, ""intraday_breakout_40d"": true, ""liquidity_level"": ""HIGH"", ""market_volume_percentile"": 93.09545875810936, ""median_volume_20d"": 2645378.5, ""median_volume_recent5d"": 3963369, ""price_percentile"": 100.0, ""price_zscore"": 4.5581890547367925, ""prior_20d_high"": 10.85, ""prior_40d_high"": 11.15, ""prior_sessions"": 48, ""recent5_to_20d_volume_ratio"": 1.4982237891477532, ""volume_ratio"": 6.837789374941998}",今日成交量达到此前20日中位数6.84倍；收盘确认突破此前20日及40日区间高点5.53%，形成量价共振；当日涨跌+8.02%，偏离自身近期正常波动4.56个标准差。,COMPLETE
7,TWSE:2609,陽明,TWSE,54.7,6.007751937984507,97224950,16959177.5,5.732881208419453,52.2,53.6,4.789272030651337,1.3432508960480836,4.288740607142666,100.0,99.30491195551437,HIGH,5,"[""VOLUME_SPIKE"", ""RANGE_BREAKOUT_20D"", ""RANGE_BREAKOUT_40D"", ""PRICE_VOLUME_BREAKOUT"", ""PRICE_ANOMALY""]","{""PRICE_ANOMALY"": {""price_zscore"": 4.288740607142666, ""threshold_multiple"": 1.7154962428570664}, ""PRICE_VOLUME_BREAKOUT"": {""breakout_pct"": 4.789272030651337, ""volume_ratio"": 5.732881208419453}, ""RANGE_BREAKOUT_20D"": {""breakout_pct"": 4.789272030651337}, ""RANGE_BREAKOUT_40D"": {""breakout_pct"": 2.0522388059701413}, ""VOLUME_SPIKE"": {""threshold_multiple"": 2.8664406042097266, ""volume_ratio"": 5.732881208419453}}","{""abs_price_zscore"": 4.288740607142666, ""breakout_20d"": true, ""breakout_40d"": true, ""breakout_pct"": 4.789272030651337, ""change_pct"": 6.007751937984507, ""close"": 54.7, ""current_to_recent5_volume_ratio"": 4.4755798474007165, ""current_volume"": 97224950, ""historical_volatility"": 1.3432508960480836, ""intraday_breakout_20d"": true, ""intraday_breakout_40d"": true, ""liquidity_level"": ""HIGH"", ""market_volume_percentile"": 99.30491195551437, ""median_volume_20d"": 16959177.5, ""median_volume_recent5d"": 21723431, ""price_percentile"": 100.0, ""price_zscore"": 4.288740607142666, ""prior_20d_high"": 52.2, ""prior_40d_high"": 53.6, ""prior_sessions"": 49, ""recent5_to_20d_volume_ratio"": 1.2809247972078834, ""volume_ratio"": 5.732881208419453}",今日成交量达到此前20日中位数5.73倍；收盘确认突破此前20日及40日区间高点4.79%，形成量价共振；当日涨跌+6.01%，偏离自身近期正常波动4.29个标准差。,COMPLETE
8,TWSE:2603,長榮,TWSE,231.5,5.707762557077634,38361520,7019227.5,5.465205394753197,220.0,220.0,5.227272727272725,1.564478180712321,3.3179920605385607,100.0,97.63670064874884,HIGH,5,"[""VOLUME_SPIKE"", ""RANGE_BREAKOUT_20D"", ""RANGE_BREAKOUT_40D"", ""PRICE_VOLUME_BREAKOUT"", ""PRICE_ANOMALY""]","{""PRICE_ANOMALY"": {""price_zscore"": 3.3179920605385607, ""threshold_multiple"": 1.3271968242154242}, ""PRICE_VOLUME_BREAKOUT"": {""breakout_pct"": 5.227272727272725, ""volume_ratio"": 5.465205394753197}, ""RANGE_BREAKOUT_20D"": {""breakout_pct"": 5.227272727272725}, ""RANGE_BREAKOUT_40D"": {""breakout_pct"": 5.227272727272725}, ""VOLUME_SPIKE"": {""threshold_multiple"": 2.7326026973765987, ""volume_ratio"": 5.465205394753197}}","{""abs_price_zscore"": 3.3179920605385607, ""breakout_20d"": true, ""breakout_40d"": true, ""breakout_pct"": 5.227272727272725, ""change_pct"": 5.707762557077634, ""close"": 231.5, ""current_to_recent5_volume_ratio"": 3.0714232127783436, ""current_volume"": 38361520, ""historical_volatility"": 1.564478180712321, ""intraday_breakout_20d"": true, ""intraday_breakout_40d"": true, ""liquidity_level"": ""HIGH"", ""market_volume_percentile"": 97.63670064874884, ""median_volume_20d"": 7019227.5, ""median_volume_recent5d"": 12489819, ""price_percentile"": 100.0, ""price_zscore"": 3.3179920605385607, ""prior_20d_high"": 220.0, ""prior_40d_high"": 220.0, ""prior_sessions"": 49, ""recent5_to_20d_volume_ratio"": 1.7793723027213464, ""volume_ratio"": 5.465205394753197}",今日成交量达到此前20日中位数5.47倍；收盘确认突破此前20日及40日区间高点5.23%，形成量价共振；当日涨跌+5.71%，偏离自身近期正常波动3.32个标准差。,COMPLETE
9,TWSE:2615,萬海,TWSE,99.6,9.933774834437092,49767959,10195779.5,4.8812313957947016,91.4,91.4,8.97155361050328,2.0426106128536254,4.532735481954037,100.0,98.37812789620018,HIGH,5,"[""VOLUME_SPIKE"", ""RANGE_BREAKOUT_20D"", ""RANGE_BREAKOUT_40D"", ""PRICE_VOLUME_BREAKOUT"", ""PRICE_ANOMALY""]","{""PRICE_ANOMALY"": {""price_zscore"": 4.532735481954037, ""threshold_multiple"": 1.8130941927816149}, ""PRICE_VOLUME_BREAKOUT"": {""breakout_pct"": 8.97155361050328, ""volume_ratio"": 4.8812313957947016}, ""RANGE_BREAKOUT_20D"": {""breakout_pct"": 8.97155361050328}, ""RANGE_BREAKOUT_40D"": {""breakout_pct"": 8.97155361050328}, ""VOLUME_SPIKE"": {""threshold_multiple"": 2.4406156978973508, ""volume_ratio"": 4.8812313957947016}}","{""abs_price_zscore"": 4.532735481954037, ""breakout_20d"": true, ""breakout_40d"": true, ""breakout_pct"": 8.97155361050328, ""change_pct"": 9.933774834437092, ""close"": 99.6, ""current_to_recent5_volume_ratio"": 3.681241217213086, ""current_volume"": 49767959, ""historical_volatility"": 2.0426106128536254, ""intraday_breakout_20d"": true, ""intraday_breakout_40d"": true, ""liquidity_level"": ""HIGH"", ""market_volume_percentile"": 98.37812789620018, ""median_volume_20d"": 10195779.5, ""median_volume_recent5d"": 13519342, ""price_percentile"": 100.0, ""price_zscore"": 4.532735481954037, ""prior_20d_high"": 91.4, ""prior_40d_high"": 91.4, ""prior_sessions"": 49, ""recent5_to_20d_volume_ratio"": 1.3259743406573279, ""volume_ratio"": 4.8812313957947016}",今日成交量达到此前20日中位数4.88倍；收盘确认突破此前20日及40日区间高点8.97%，形成量价共振；当日涨跌+9.93%，偏离自身近期正常波动4.53个标准差。,COMPLETE
10,TWSE:5515,建國,TWSE,53.2,9.80392156862746,1652380,563967.0,2.9299232047265176,50.4,50.4,5.555555555555558,3.3171093849398856,2.7094814288692817,100.0,71.50139017608898,MEDIUM,5,"[""VOLUME_SPIKE"", ""RANGE_BREAKOUT_20D"", ""RANGE_BREAKOUT_40D"", ""PRICE_VOLUME_BREAKOUT"", ""PRICE_ANOMALY""]","{""PRICE_ANOMALY"": {""price_zscore"": 2.7094814288692817, ""threshold_multiple"": 1.0837925715477126}, ""PRICE_VOLUME_BREAKOUT"": {""breakout_pct"": 5.555555555555558, ""volume_ratio"": 2.9299232047265176}, ""RANGE_BREAKOUT_20D"": {""breakout_pct"": 5.555555555555558}, ""RANGE_BREAKOUT_40D"": {""breakout_pct"": 5.555555555555558}, ""VOLUME_SPIKE"": {""threshold_multiple"": 1.4649616023632588, ""volume_ratio"": 2.9299232047265176}}","{""abs_price_zscore"": 2.7094814288692817, ""breakout_20d"": true, ""breakout_40d"": true, ""breakout_pct"": 5.555555555555558, ""change_pct"": 9.80392156862746, ""close"": 53.2, ""current_to_recent5_volume_ratio"": 1.6779434687463506, ""current_volume"": 1652380, ""historical_volatility"": 3.3171093849398856, ""intraday_breakout_20d"": true, ""intraday_breakout_40d"": true, ""liquidity_level"": ""MEDIUM"", ""market_volume_percentile"": 71.50139017608898, ""median_volume_20d"": 563967.0, ""median_volume_recent5d"": 984765, ""price_percentile"": 100.0, ""price_zscore"": 2.7094814288692817, ""prior_20d_high"": 50.4, ""prior_40d_high"": 50.4, ""prior_sessions"": 49, ""recent5_to_20d_volume_ratio"": 1.7461394017735081, ""volume_ratio"": 2.9299232047265176}",今日成交量达到此前20日中位数2.93倍；收盘确认突破此前20日及40日区间高点5.56%，形成量价共振；当日涨跌+9.80%，偏离自身近期正常波动2.71个标准差。,COMPLETE
11,TWSE:3037,欣興,TWSE,1120.0,9.80392156862746,53834958,20704712.5,2.6001306707349836,1045.0,1115.0,7.177033492822971,6.217976477901292,1.3445209023370304,70.0,98.74884151992586,HIGH,5,"[""VOLUME_SPIKE"", ""RANGE_BREAKOUT_20D"", ""RANGE_BREAKOUT_40D"", ""PRICE_VOLUME_BREAKOUT"", ""QUIET_TO_VOLUME_SPIKE""]","{""PRICE_VOLUME_BREAKOUT"": {""breakout_pct"": 7.177033492822971, ""volume_ratio"": 2.6001306707349836}, ""QUIET_TO_VOLUME_SPIKE"": {""current_to_recent5_ratio"": 6.567825061844475, ""recent5_to_20d_ratio"": 0.3958891484245434}, ""RANGE_BREAKOUT_20D"": {""breakout_pct"": 7.177033492822971}, ""RANGE_BREAKOUT_40D"": {""breakout_pct"": 0.4484304932735439}, ""VOLUME_SPIKE"": {""threshold_multiple"": 1.3000653353674918, ""volume_ratio"": 2.6001306707349836}}","{""abs_price_zscore"": 1.3445209023370304, ""breakout_20d"": true, ""breakout_40d"": true, ""breakout_pct"": 7.177033492822971, ""change_pct"": 9.80392156862746, ""close"": 1120.0, ""current_to_recent5_volume_ratio"": 6.567825061844475, ""current_volume"": 53834958, ""historical_volatility"": 6.217976477901292, ""intraday_breakout_20d"": true, ""intraday_breakout_40d"": true, ""liquidity_level"": ""HIGH"", ""market_volume_percentile"": 98.74884151992586, ""median_volume_20d"": 20704712.5, ""median_volume_recent5d"": 8196771, ""price_percentile"": 70.0, ""price_zscore"": 1.3445209023370304, ""prior_20d_high"": 1045.0, ""prior_40d_high"": 1115.0, ""prior_sessions"": 49, ""recent5_to_20d_volume_ratio"": 0.3958891484245434, ""volume_ratio"": 2.6001306707349836}",此前5日中位量仅为20日中位量0.40倍，今日放大至近期5日中位量6.57倍；收盘确认突破此前20日及40日区间高点7.18%，形成量价共振。,COMPLETE
12,TPEX:3388,崇越電,TPEX,92.2,9.892729439809301,9662363,539500.0,17.909848007414272,83.9,93.8,9.892729439809301,3.107011536123165,2.988767022646213,95.0,98.21428571428571,HIGH,4,"[""VOLUME_SPIKE"", ""RANGE_BREAKOUT_20D"", ""PRICE_VOLUME_BREAKOUT"", ""PRICE_ANOMALY""]","{""PRICE_ANOMALY"": {""price_zscore"": 2.988767022646213, ""threshold_multiple"": 1.1955068090584853}, ""PRICE_VOLUME_BREAKOUT"": {""breakout_pct"": 9.892729439809301, ""volume_ratio"": 17.909848007414272}, ""RANGE_BREAKOUT_20D"": {""breakout_pct"": 9.892729439809301}, ""VOLUME_SPIKE"": {""threshold_multiple"": 8.954924003707136, ""volume_ratio"": 17.909848007414272}}","{""abs_price_zscore"": 2.988767022646213, ""breakout_20d"": true, ""breakout_40d"": false, ""breakout_pct"": 9.892729439809301, ""change_pct"": 9.892729439809301, ""close"": 92.2, ""current_to_recent5_volume_ratio"": 8.6813683737646, ""current_volume"": 9662363, ""historical_volatility"": 3.107011536123165, ""intraday_breakout_20d"": true, ""intraday_breakout_40d"": false, ""liquidity_level"": ""HIGH"", ""market_volume_percentile"": 98.21428571428571, ""median_volume_20d"": 539500.0, ""median_volume_recent5d"": 1113000, ""price_percentile"": 95.0, ""price_zscore"": 2.988767022646213, ""prior_20d_high"": 83.9, ""prior_40d_high"": 93.8, ""prior_sessions"": 49, ""recent5_to_20d_volume_ratio"": 2.0630213160333644, ""volume_ratio"": 17.909848007414272}",今日成交量达到此前20日中位数17.91倍；收盘确认突破此前20日区间高点9.89%，形成量价共振；当日涨跌+9.89%，偏离自身近期正常波动2.99个标准差。,COMPLETE
13,TWSE:6214,精誠,TWSE,175.5,2.034883720930236,23596009,1760469.0,13.40325163351357,172.0,172.0,2.034883720930236,3.9461002602713706,0.2076604806672164,65.0,95.22706209453197,HIGH,4,"[""VOLUME_SPIKE"", ""RANGE_BREAKOUT_20D"", ""RANGE_BREAKOUT_40D"", ""PRICE_VOLUME_BREAKOUT""]","{""PRICE_VOLUME_BREAKOUT"": {""breakout_pct"": 2.034883720930236, ""volume_ratio"": 13.40325163351357}, ""RANGE_BREAKOUT_20D"": {""breakout_pct"": 2.034883720930236}, ""RANGE_BREAKOUT_40D"": {""breakout_pct"": 2.034883720930236}, ""VOLUME_SPIKE"": {""threshold_multiple"": 6.701625816756785, ""volume_ratio"": 13.40325163351357}}","{""abs_price_zscore"": 0.2076604806672164, ""breakout_20d"": true, ""breakout_40d"": true, ""breakout_pct"": 2.034883720930236, ""change_pct"": 2.034883720930236, ""close"": 175.5, ""current_to_recent5_volume_ratio"": 14.209053541061476, ""current_volume"": 23596009, ""historical_volatility"": 3.9461002602713706, ""intraday_breakout_20d"": true, ""intraday_breakout_40d"": true, ""liquidity_level"": ""HIGH"", ""market_volume_percentile"": 95.22706209453197, ""median_volume_20d"": 1760469.0, ""median_volume_recent5d"": 1660632, ""price_percentile"": 65.0, ""price_zscore"": 0.2076604806672164, ""prior_20d_high"": 172.0, ""prior_40d_high"": 172.0, ""prior_sessions"": 49, ""recent5_to_20d_volume_ratio"": 0.9432895438658676, ""volume_ratio"": 13.40325163351357}",今日成交量达到此前20日中位数13.40倍；收盘确认突破此前20日及40日区间高点2.03%，形成量价共振。,COMPLETE
14,TWSE:2392,正崴,TWSE,43.3,0.5807200929152101,20622343,1560775.5,13.212882313952262,43.05,43.05,0.5807200929152101,3.303339438637882,-0.13058273027702194,15.0,94.11492122335495,HIGH,4,"[""VOLUME_SPIKE"", ""RANGE_BREAKOUT_20D"", ""RANGE_BREAKOUT_40D"", ""PRICE_VOLUME_BREAKOUT""]","{""PRICE_VOLUME_BREAKOUT"": {""breakout_pct"": 0.5807200929152101, ""volume_ratio"": 13.212882313952262}, ""RANGE_BREAKOUT_20D"": {""breakout_pct"": 0.5807200929152101}, ""RANGE_BREAKOUT_40D"": {""breakout_pct"": 0.5807200929152101}, ""VOLUME_SPIKE"": {""threshold_multiple"": 6.606441156976131, ""volume_ratio"": 13.212882313952262}}","{""abs_price_zscore"": 0.13058273027702194, ""breakout_20d"": true, ""breakout_40d"": true, ""breakout_pct"": 0.5807200929152101, ""change_pct"": 0.5807200929152101, ""close"": 43.3, ""current_to_recent5_volume_ratio"": 6.605457178951037, ""current_volume"": 20622343, ""historical_volatility"": 3.303339438637882, ""intraday_breakout_20d"": true, ""intraday_breakout_40d"": true, ""liquidity_level"": ""HIGH"", ""market_volume_percentile"": 94.11492122335495, ""median_volume_20d"": 1560775.5, ""median_volume_recent5d"": 3122016, ""price_percentile"": 15.0, ""price_zscore"": -0.13058273027702194, ""prior_20d_high"": 43.05, ""prior_40d_high"": 43.05, ""prior_sessions"": 49, ""recent5_to_20d_volume_ratio"": 2.0002979288180778, ""volume_ratio"": 13.212882313952262}",今日成交量达到此前20日中位数13.21倍；收盘确认突破此前20日及40日区间高点0.58%，形成量价共振。,COMPLETE
15,TPEX:1336,台翰,TPEX,18.0,1.9830028328611915,3021929,278000.0,10.87024820143885,17.65,17.65,1.9830028328611915,4.427665595463583,0.21232604116031967,50.0,94.18202764976958,HIGH,4,"[""VOLUME_SPIKE"", ""RANGE_BREAKOUT_20D"", ""RANGE_BREAKOUT_40D"", ""PRICE_VOLUME_BREAKOUT""]","{""PRICE_VOLUME_BREAKOUT"": {""breakout_pct"": 1.9830028328611915, ""volume_ratio"": 10.87024820143885}, ""RANGE_BREAKOUT_20D"": {""breakout_pct"": 1.9830028328611915}, ""RANGE_BREAKOUT_40D"": {""breakout_pct"": 1.9830028328611915}, ""VOLUME_SPIKE"": {""threshold_multiple"": 5.435124100719425, ""volume_ratio"": 10.87024820143885}}","{""abs_price_zscore"": 0.21232604116031967, ""breakout_20d"": true, ""breakout_40d"": true, ""breakout_pct"": 1.9830028328611915, ""change_pct"": 1.9830028328611915, ""close"": 18.0, ""current_to_recent5_volume_ratio"": 8.836049707602339, ""current_volume"": 3021929, ""historical_volatility"": 4.427665595463583, ""intraday_breakout_20d"": true, ""intraday_breakout_40d"": true, ""liquidity_level"": ""HIGH"", ""market_volume_percentile"": 94.18202764976958, ""median_volume_20d"": 278000.0, ""median_volume_recent5d"": 342000, ""price_percentile"": 50.0, ""price_zscore"": 0.21232604116031967, ""prior_20d_high"": 17.65, ""prior_40d_high"": 17.65, ""prior_sessions"": 49, ""recent5_to_20d_volume_ratio"": 1.2302158273381294, ""volume_ratio"": 10.87024820143885}",今日成交量达到此前20日中位数10.87倍；收盘确认突破此前20日及40日区间高点1.98%，形成量价共振。,COMPLETE
16,TPEX:4561,健椿,TPEX,50.2,8.893709327548805,1853240,181000.0,10.23889502762431,48.2,48.2,4.149377593361003,4.388021349118362,1.7232175715420952,85.0,92.45391705069125,HIGH,4,"[""VOLUME_SPIKE"", ""RANGE_BREAKOUT_20D"", ""RANGE_BREAKOUT_40D"", ""PRICE_VOLUME_BREAKOUT""]","{""PRICE_VOLUME_BREAKOUT"": {""breakout_pct"": 4.149377593361003, ""volume_ratio"": 10.23889502762431}, ""RANGE_BREAKOUT_20D"": {""breakout_pct"": 4.149377593361003}, ""RANGE_BREAKOUT_40D"": {""breakout_pct"": 4.149377593361003}, ""VOLUME_SPIKE"": {""threshold_multiple"": 5.119447513812155, ""volume_ratio"": 10.23889502762431}}","{""abs_price_zscore"": 1.7232175715420952, ""breakout_20d"": true, ""breakout_40d"": true, ""breakout_pct"": 4.149377593361003, ""change_pct"": 8.893709327548805, ""close"": 50.2, ""current_to_recent5_volume_ratio"": 3.2342757417102965, ""current_volume"": 1853240, ""historical_volatility"": 4.388021349118362, ""intraday_breakout_20d"": true, ""intraday_breakout_40d"": true, ""liquidity_level"": ""HIGH"", ""market_volume_percentile"": 92.45391705069125, ""median_volume_20d"": 181000.0, ""median_volume_recent5d"": 573000, ""price_percentile"": 85.0, ""price_zscore"": 1.7232175715420952, ""prior_20d_high"": 48.2, ""prior_40d_high"": 48.2, ""prior_sessions"": 49, ""recent5_to_20d_volume_ratio"": 3.165745856353591, ""volume_ratio"": 10.23889502762431}",今日成交量达到此前20日中位数10.24倍；收盘确认突破此前20日及40日区间高点4.15%，形成量价共振。,COMPLETE
17,TWSE:1315,達新,TWSE,65.9,1.3846153846153841,206452,23964.5,8.61490955371487,65.3,65.3,0.9188361408882129,0.9212550636181972,1.397408508565785,95.0,36.74698795180723,MEDIUM,4,"[""VOLUME_SPIKE"", ""RANGE_BREAKOUT_20D"", ""RANGE_BREAKOUT_40D"", ""PRICE_VOLUME_BREAKOUT""]","{""PRICE_VOLUME_BREAKOUT"": {""breakout_pct"": 0.9188361408882129, ""volume_ratio"": 8.61490955371487}, ""RANGE_BREAKOUT_20D"": {""breakout_pct"": 0.9188361408882129}, ""RANGE_BREAKOUT_40D"": {""breakout_pct"": 0.9188361408882129}, ""VOLUME_SPIKE"": {""threshold_multiple"": 4.307454776857435, ""volume_ratio"": 8.61490955371487}}","{""abs_price_zscore"": 1.397408508565785, ""breakout_20d"": true, ""breakout_40d"": true, ""breakout_pct"": 0.9188361408882129, ""change_pct"": 1.3846153846153841, ""close"": 65.9, ""current_to_recent5_volume_ratio"": 2.018557446933328, ""current_volume"": 206452, ""historical_volatility"": 0.9212550636181972, ""intraday_breakout_20d"": true, ""intraday_breakout_40d"": true, ""liquidity_level"": ""MEDIUM"", ""market_volume_percentile"": 36.74698795180723, ""median_volume_20d"": 23964.5, ""median_volume_recent5d"": 102277, ""price_percentile"": 95.0, ""price_zscore"": 1.397408508565785, ""prior_20d_high"": 65.3, ""prior_40d_high"": 65.3, ""prior_sessions"": 49, ""recent5_to_20d_volume_ratio"": 4.267854534832773, ""volume_ratio"": 8.61490955371487}",今日成交量达到此前20日中位数8.61倍；收盘确认突破此前20日及40日区间高点0.92%，形成量价共振。,COMPLETE
18,TPEX:6419,京晨科,TPEX,180.0,7.14285714285714,1398506,196500.0,7.117078880407124,169.5,169.5,6.194690265486735,5.305229721437419,1.117725893526377,85.0,89.8041474654378,HIGH,4,"[""VOLUME_SPIKE"", ""RANGE_BREAKOUT_20D"", ""RANGE_BREAKOUT_40D"", ""PRICE_VOLUME_BREAKOUT""]","{""PRICE_VOLUME_BREAKOUT"": {""breakout_pct"": 6.194690265486735, ""volume_ratio"": 7.117078880407124}, ""RANGE_BREAKOUT_20D"": {""breakout_pct"": 6.194690265486735}, ""RANGE_BREAKOUT_40D"": {""breakout_pct"": 6.194690265486735}, ""VOLUME_SPIKE"": {""threshold_multiple"": 3.558539440203562, ""volume_ratio"": 7.117078880407124}}","{""abs_price_zscore"": 1.117725893526377, ""breakout_20d"": true, ""breakout_40d"": true, ""breakout_pct"": 6.194690265486735, ""change_pct"": 7.14285714285714, ""close"": 180.0, ""current_to_recent5_volume_ratio"": 2.1749704510108865, ""current_volume"": 1398506, ""historical_volatility"": 5.305229721437419, ""intraday_breakout_20d"": true, ""intraday_breakout_40d"": true, ""liquidity_level"": ""HIGH"", ""market_volume_percentile"": 89.8041474654378, ""median_volume_20d"": 196500.0, ""median_volume_recent5d"": 643000, ""price_percentile"": 85.0, ""price_zscore"": 1.117725893526377, ""prior_20d_high"": 169.5, ""prior_40d_high"": 169.5, ""prior_sessions"": 49, ""recent5_to_20d_volume_ratio"": 3.272264631043257, ""volume_ratio"": 7.117078880407124}",今日成交量达到此前20日中位数7.12倍；收盘确认突破此前20日及40日区间高点6.19%，形成量价共振。,COMPLETE
19,TPEX:3490,單井,TPEX,42.45,7.061790668348067,11424948,1803000.0,6.3366322795341095,40.45,40.45,4.944375772558707,3.5894130338542247,1.4364001940118358,90.0,98.67511520737327,HIGH,4,"[""VOLUME_SPIKE"", ""RANGE_BREAKOUT_20D"", ""RANGE_BREAKOUT_40D"", ""PRICE_VOLUME_BREAKOUT""]","{""PRICE_VOLUME_BREAKOUT"": {""breakout_pct"": 4.944375772558707, ""volume_ratio"": 6.3366322795341095}, ""RANGE_BREAKOUT_20D"": {""breakout_pct"": 4.944375772558707}, ""RANGE_BREAKOUT_40D"": {""breakout_pct"": 4.944375772558707}, ""VOLUME_SPIKE"": {""threshold_multiple"": 3.1683161397670547, ""volume_ratio"": 6.3366322795341095}}","{""abs_price_zscore"": 1.4364001940118358, ""breakout_20d"": true, ""breakout_40d"": true, ""breakout_pct"": 4.944375772558707, ""change_pct"": 7.061790668348067, ""close"": 42.45, ""current_to_recent5_volume_ratio"": 2.3971775073436845, ""current_volume"": 11424948, ""historical_volatility"": 3.5894130338542247, ""intraday_breakout_20d"": true, ""intraday_breakout_40d"": true, ""liquidity_level"": ""HIGH"", ""market_volume_percentile"": 98.67511520737327, ""median_volume_20d"": 1803000.0, ""median_volume_recent5d"": 4766000, ""price_percentile"": 90.0, ""price_zscore"": 1.4364001940118358, ""prior_20d_high"": 40.45, ""prior_40d_high"": 40.45, ""prior_sessions"": 49, ""recent5_to_20d_volume_ratio"": 2.6433721575152522, ""volume_ratio"": 6.3366322795341095}",今日成交量达到此前20日中位数6.34倍；收盘确认突破此前20日及40日区间高点4.94%，形成量价共振。,COMPLETE
20,TWSE:1316,上曜,TWSE,10.8,8.000000000000007,6532040,1197887.5,5.452966159176049,10.5,11.3,2.857142857142869,1.6082944432099033,4.982027018479608,100.0,88.46153846153847,HIGH,4,"[""VOLUME_SPIKE"", ""RANGE_BREAKOUT_20D"", ""PRICE_VOLUME_BREAKOUT"", ""PRICE_ANOMALY""]","{""PRICE_ANOMALY"": {""price_zscore"": 4.982027018479608, ""threshold_multiple"": 1.9928108073918431}, ""PRICE_VOLUME_BREAKOUT"": {""breakout_pct"": 2.857142857142869, ""volume_ratio"": 5.452966159176049}, ""RANGE_BREAKOUT_20D"": {""breakout_pct"": 2.857142857142869}, ""VOLUME_SPIKE"": {""threshold_multiple"": 2.7264830795880246, ""volume_ratio"": 5.452966159176049}}","{""abs_price_zscore"": 4.982027018479608, ""breakout_20d"": true, ""breakout_40d"": false, ""breakout_pct"": 2.857142857142869, ""change_pct"": 8.000000000000007, ""close"": 10.8, ""current_to_recent5_volume_ratio"": 3.880392908167963, ""current_volume"": 6532040, ""historical_volatility"": 1.6082944432099033, ""intraday_breakout_20d"": true, ""intraday_breakout_40d"": false, ""liquidity_level"": ""HIGH"", ""market_volume_percentile"": 88.46153846153847, ""median_volume_20d"": 1197887.5, ""median_volume_recent5d"": 1683345, ""price_percentile"": 100.0, ""price_zscore"": 4.982027018479608, ""prior_20d_high"": 10.5, ""prior_40d_high"": 11.3, ""prior_sessions"": 49, ""recent5_to_20d_volume_ratio"": 1.4052613454936294, ""volume_ratio"": 5.452966159176049}",今日成交量达到此前20日中位数5.45倍；收盘确认突破此前20日区间高点2.86%，形成量价共振；当日涨跌+8.00%，偏离自身近期正常波动4.98个标准差。,COMPLETE
